{
  "baseline_total_cost": 11915737.215,
  "model_total_cost": 10424956.99131893,
  "cost_reduction_percent": 12.511019643874127
}