policy,holding_cost,stockout_cost,ordering_cost,total_cost
baseline,1452843.465,732493.75,9730400,11915737.215
model,282075.9339546754,10127981.057364255,14900,10424956.99131893
